Dataset,F3,N1,N2,N3,N4,T1,T2
D31,1.0,0.0667741935483871,0.1261439417410132,0.03806451612903228,0.011903225806451645,0.7532258064516129,1550.0
R15,1.0,0.05,0.04776360286372266,0.00666666666666671,0.0019333333333333425,0.5633333333333334,300.0
aggregation,1.0,0.015228426395939087,0.08724758902712744,0.0,0.0,0.4073604060913706,394.0
compound,0.7218045112781954,0.05513784461152882,0.22782750774177243,0.020050125313283207,0.0698333333333333,0.5288220551378446,199.5
flame,0.6875,0.008333333333333333,0.17521547932030287,0.0,0.04249999999999998,0.5166666666666667,120.0
jain,0.8257372654155496,0.005361930294906166,0.05486873892389241,0.0,0.06299999999999994,0.4075067024128686,186.5
pathbased,0.59,0.013333333333333334,0.13525109487157252,0.0,0.1296666666666667,0.5966666666666667,150.0
spiral,0.2692307692307692,0.01282051282051282,0.13514022286181473,0.0,0.45633333333333337,0.7275641025641025,156.0
